{"         11EFDN": {"valid_runtime": [94.32601928710938, 52.21062469482422, 56.96876907348633, 47.3493766784668, 57.352352142333984, 52.18764877319336, 43.6671028137207, 52.16307067871094, 52.22563171386719, 58.56972885131836, 52.1732177734375, 56.82342529296875, 55.93967819213867, 52.01740646362305, 52.25075149536133, 52.19692611694336, 56.7545280456543, 56.78307342529297, 52.14332962036133, 53.54105758666992, 54.26483154296875, 60.27558517456055, 49.171775817871094, 52.0937614440918, 52.06924819946289, 56.91299057006836, 56.86969757080078, 52.20671844482422, 53.35327911376953, 32.89616012573242, 52.04422378540039, 52.03987121582031, 58.85728073120117, 52.14441680908203, 61.11043167114258, 56.677886962890625, 53.58272171020508, 54.90185546875, 54.83001708984375, 54.92959976196289, 55.112064361572266, 54.9505615234375, 54.922847747802734, 55.64982223510742, 55.018367767333984, 55.955936431884766, 54.06528091430664, 59.237857818603516, 52.1115837097168, 55.412960052490234, 54.78192138671875, 43.695838928222656, 51.98819351196289, 47.78355026245117, 76.55439758300781, 52.25187301635742, 57.13897705078125, 52.1475830078125, 54.75788879394531, 61.72700881958008, 52.172607421875, 54.98659133911133, 59.67862319946289, 52.07436752319336, 58.9956169128418, 53.56166458129883, 56.7782096862793, 54.74665451049805, 59.92630386352539, 62.38399887084961, 52.017982482910156, 56.48982238769531, 59.46521759033203, 54.78668975830078, 62.297183990478516, 52.056705474853516, 47.21705627441406, 65.25965118408203, 69.8905258178711, 52.61542510986328, 53.437599182128906, 52.0577278137207, 56.84854507446289, 52.03014373779297, 58.32041549682617, 57.65324783325195, 54.777854919433594, 55.05104064941406, 54.96860885620117, 55.53228759765625, 68.33753967285156, 48.72771072387695, 52.151424407958984, 54.872257232666016, 52.354366302490234, 52.270206451416016, 57.589439392089844, 55.22099304199219, 55.03958511352539, 47.633663177490234], "valid_psnr": [29.43220813605877, 35.23656475118115, 40.58225267853164, 27.45715635251952, 28.588669456943908, 28.405795906841654, 20.0773911419533, 26.788805477854694, 32.29242998883378, 26.795072875397373, 29.118448424917904, 27.89445582227314, 31.403768568980354, 28.295766172508607, 34.08287616171871, 31.704756061122392, 32.231991284715505, 28.969890353432156, 28.07546216269559, 24.908246516225944, 32.17659782537869, 30.67295442551359, 26.040148146443528, 28.440876748432373, 27.358358997111914, 24.23898833347018, 33.51070196306874, 21.47067491625155, 26.596398671302452, 24.458429270262773, 30.247268045845807, 30.738654352474054, 34.2686932585153, 25.424679678983466, 22.874480064892232, 25.934154972750967, 26.250689001529427, 37.79140818397274, 29.10013768799322, 28.43068539290355, 28.147202704310857, 29.825794201427552, 41.1734051461773, 44.32996291778509, 24.06354676306131, 25.413722756075558, 27.74221694454687, 27.2345700437489, 22.308396420164893, 29.112864306947557, 28.438763720697008, 30.053493203911735, 34.23634638329514, 24.930373771379585, 29.427973834021902, 24.33044561799942, 34.94677782872312, 28.541425493791944, 25.344827988547873, 20.59156498448294, 22.99346135089386, 33.18619830345624, 33.24652024212511, 29.962700954037473, 27.305694732324678, 25.02533540046703, 28.51677689216733, 32.80362281021878, 23.757742853653355, 28.664462256047145, 32.157221541902715, 24.042512720623705, 24.051653363228056, 30.144466331356156, 24.396461496248392, 22.13384455234366, 40.40380015928788, 32.237758224159286, 27.34025715531206, 32.150172758891905, 25.952394182392275, 34.27833812169154, 26.396013550810295, 25.946576008143197, 23.00472291503416, 36.4516194771189, 25.267325306661284, 30.638312427548357, 31.00622170786587, 25.28090502447637, 26.90699268596406, 30.3058684471604, 33.28278414617011, 31.84264966020072, 20.423838401999745, 39.19142686274098, 22.162250330753835, 34.61069356668746, 31.145182233497927, 28.012869403653834], "valid_memory": 1266.91845703125, "valid_ave_runtime": 55.1641614151001, "valid_ave_psnr": 28.951883118222145, "activations": 187.32252, "num_conv": 198, "flops": 10.60149132, "num_parameters": 0.173478}, "00_RFDN_baseline": {"valid_runtime": [62.855777740478516, 18.23356819152832, 20.743616104125977, 16.410400390625, 20.437183380126953, 18.257951736450195, 15.68723201751709, 18.23811149597168, 18.25699234008789, 20.459487915039062, 18.268447875976562, 20.482112884521484, 19.905536651611328, 18.271648406982422, 18.25071907043457, 18.29097557067871, 20.46246337890625, 20.447040557861328, 18.275711059570312, 18.291200637817383, 18.373472213745117, 21.888063430786133, 17.566272735595703, 18.233247756958008, 18.27302360534668, 20.431072235107422, 20.424800872802734, 18.270048141479492, 18.268831253051758, 11.870335578918457, 18.259552001953125, 18.26896095275879, 21.12828826904297, 18.264223098754883, 22.208576202392578, 20.436800003051758, 18.28201675415039, 18.258464813232422, 18.268863677978516, 18.26335906982422, 18.268991470336914, 18.289247512817383, 18.2589111328125, 19.25503921508789, 18.22220802307129, 18.646623611450195, 18.748096466064453, 20.44540786743164, 18.313888549804688, 18.240224838256836, 18.467744827270508, 15.736448287963867, 18.24403190612793, 14.876768112182617, 27.144351959228516, 18.242944717407227, 19.428192138671875, 18.274272918701172, 18.251455307006836, 20.436288833618164, 18.242368698120117, 18.257375717163086, 20.844575881958008, 18.252479553222656, 20.433311462402344, 18.74224090576172, 18.735647201538086, 18.238079071044922, 18.72559928894043, 21.492416381835938, 18.29635238647461, 18.231807708740234, 18.25174331665039, 18.256799697875977, 20.449920654296875, 18.274944305419922, 15.4203519821167, 23.503040313720703, 25.09507179260254, 18.761119842529297, 17.376192092895508, 18.30841636657715, 19.092159271240234, 18.362239837646484, 18.264095306396484, 18.278623580932617, 18.321439743041992, 18.274879455566406, 18.277311325073242, 18.360288619995117, 23.113567352294922, 17.101760864257812, 18.271135330200195, 18.753759384155273, 17.103296279907227, 18.267168045043945, 18.35126495361328, 18.261760711669922, 18.361183166503906, 15.414591789245605],